{
  "feature_indices": [
    6,
    7,
    11,
    94,
    116,
    130,
    160,
    180,
    192,
    215,
    246,
    251,
    257,
    272,
    309,
    311,
    335,
    351,
    374,
    398
  ],
  "scores": [
    0.003072422929108143,
    0.002255927072837949,
    0.003276269882917404,
    0.004536669701337814,
    0.004965431988239288,
    0.002811036305502057,
    0.0030847908928990364,
    0.005476262420415878,
    0.002631343435496092,
    0.006069610361009836,
    0.0018991220276802778,
    0.0019283785950392485,
    0.002190641826018691,
    0.00503060407936573,
    0.0018774792551994324,
    0.0035248156636953354,
    0.0017950735054910183,
    0.0041318233124911785,
    0.0037375588435679674,
    0.0018333292100578547
  ],
  "quantile_threshold": 0.95,
  "quantile_value": 0.0015774370403960347
}