{
  "total_positions": 1023936,
  "positive_positions": 4978,
  "negative_positions": 1018958,
  "positive_percentage": 0.4861631976998563,
  "negative_percentage": 99.51383680230015
}