{
  "feature_indices": [
    7,
    11,
    100,
    106,
    138,
    165,
    181,
    207,
    215,
    224,
    233,
    243,
    251,
    256,
    271,
    272,
    313,
    366,
    373,
    379
  ],
  "scores": [
    0.002171800471842289,
    0.014546379446983337,
    0.0016489948611706495,
    0.002757074311375618,
    0.0029266932979226112,
    0.0024663391523063183,
    0.0026765353977680206,
    0.001841557677835226,
    0.003598126582801342,
    0.002151429420337081,
    0.0015536686405539513,
    0.0029184119775891304,
    0.0053445505909621716,
    0.0022051287814974785,
    0.0027665328234434128,
    0.002275930717587471,
    0.004922049585729837,
    0.0011591240763664246,
    0.001877324189990759,
    0.0033227670937776566
  ],
  "quantile_threshold": 0.95,
  "quantile_value": 0.0011228822404518723
}