{
  "total_positions": 127986,
  "positive_positions": 693,
  "negative_positions": 127293,
  "positive_percentage": 0.5414654727860859,
  "negative_percentage": 99.45853452721391
}